Name,Surname,Address,Gender,Age,Company,Hobby,City,Country
Angela,Saunders,634-1641 Interdum. Street,M,78,Bibendum Ullamcorper Inc.,Nulla semper tellus id nunc,Nederhasselt,Israel
Ignacia,Sharpe,Ap #841-4661 In Avenue,M,59,Urna Company,Nulla facilisis. Suspendisse commodo tincidunt,Güssing,Marshall Islands
Athena,Kennedy,Ap #680-382 Sem Street,M,39,Dapibus PC,sagittis placerat. Cras dictum ultricies,Silverton,Estonia
Aphrodite,Keller,918-4494 Primis St.,M,43,Nostra Per Inc.,commodo ipsum. Suspendisse non leo.,Rio Marina,Eritrea
Maggy,Bolton,631-2614 Adipiscing. Ave,I,78,Placerat PC,malesuada fringilla est. Mauris eu,Joncret,Romania
Shaine,Blake,Ap #825-8265 Mauris Street,E,73,A Feugiat Corporation,est. Mauris eu turpis. Nulla,Quillón,Indonesia
Kitra,Ellison,Ap #390-7868 Nisl Ave,e,43,Magna Tellus Faucibus PC,tristique aliquet. Phasellus fermentum convallis,Bientina,Mayotte
Jordan,Byrd,447 Vel St.,M,26,Orci Lacus PC,"ut erat. Sed nunc est,",Irapuato,Djibouti
Merrill,Alston,Ap #242-9670 A St.,A,71,At Auctor LLC,enim non nisi. Aenean eget,Swindon,"Korea, South"
Bertha,Meyers,2459 Sed St.,I,59,Natoque Penatibus Et LLP,libero. Morbi accumsan laoreet ipsum.,Thane,Poland
Audra,Mercado,"P.O. Box 701, 7819 Dignissim Road",M,50,Cras PC,consequat enim diam vel arcu.,Susegana,Uzbekistan
Boris,Sargent,Ap #388-3133 Nunc Rd.,M,58,Sapien Aenean Massa Ltd,dignissim magna a tortor. Nunc,Portsmouth,Portugal
Althea,Roman,2848 Vitae Street,M,62,Vitae Purus Gravida PC,arcu vel quam dignissim pharetra.,Hoogeveen,Turkmenistan
Linus,Velasquez,"P.O. Box 122, 6498 Egestas. Road",M,52,Nibh Lacinia LLP,ipsum. Phasellus vitae mauris sit,Mejillones,Iran
Michelle,Bryan,100-7099 Donec Avenue,M,36,Arcu Imperdiet LLC,risus quis diam luctus lobortis.,Maidstone,Aruba
Scarlet,Jacobson,995-2215 Fusce St.,e,40,Risus Donec Inc.,turpis egestas. Aliquam fringilla cursus,Skegness,Saint Martin
Tate,Castillo,Ap #548-7636 At Av.,M,1,Duis Elementum Company,Vestibulum accumsan neque et nunc.,Ludwigsburg,Burkina Faso
Ali,Blake,263-4968 Dis Road,E,1,Eu Dolor Ltd,facilisi. Sed neque. Sed eget,Trier,Venezuela
Neville,Beck,"P.O. Box 177, 1899 Integer Av.",M,85,Ac Mattis Limited,"elementum sem, vitae aliquam eros",Llanwrtwd Wells,Venezuela
Bryar,Wiggins,694 Sapien St.,M,56,Cursus Foundation,eu nibh vulputate mauris sagittis,Monceau-sur-Sambre,Nepal
Athena,Elliott,324-9627 Donec Rd.,M,62,Nonummy Ultricies PC,"dolor sit amet, consectetuer adipiscing",Brixton,South Georgia and The South Sandwich Islands
Stephen,Hinton,8139 Class St.,M,15,Id Ante LLP,"sem semper erat, in consectetuer",Elx,Israel
Malcolm,Velez,"P.O. Box 441, 4182 Ut St.",M,81,Ut PC,"lectus ante dictum mi, ac",Wigtown,Japan
Rhonda,Sellers,"P.O. Box 148, 5095 Cum Street",I,12,Enim Consequat Purus Company,"tellus, imperdiet non, vestibulum nec,",Nodebais,Qatar
Amber,Hunter,Ap #912-2434 Tincidunt Rd.,A,46,Lorem Incorporated,"diam nunc, ullamcorper eu, euismod",Morro d'Alba,El Salvador
Ferris,Oneil,9181 Cursus Rd.,o,77,Semper Dui Industries,ligula. Aenean euismod mauris eu,Tribogna,Tokelau
Owen,Franco,"P.O. Box 387, 5533 Mauris. St.",a,85,At Risus Nunc LLC,arcu vel quam dignissim pharetra.,Osgoode,Italy
Clinton,Campbell,9751 Et St.,M,85,Morbi Corporation,dictum. Phasellus in felis. Nulla,Gadag Betigeri,Eritrea
Freya,Mullins,"P.O. Box 999, 538 Metus. Street",M,68,Vitae Erat Vivamus Foundation,facilisis. Suspendisse commodo tincidunt nibh.,Desamparados,Guernsey
Mari,Mckay,"P.O. Box 475, 9719 Ligula. St.",o,55,Ultrices Posuere Industries,"nibh enim, gravida sit amet,",İslahiye,Panama
Sierra,Pierce,"P.O. Box 449, 3606 Auctor St.",M,19,Eleifend Institute,sociis natoque penatibus et magnis,Erembodegem,Iceland
Hanae,Donovan,Ap #869-7521 Lacus. St.,u,78,Vulputate Ullamcorper Magna Incorporated,tellus id nunc interdum feugiat.,Ripalta Guerina,Gibraltar
Ferris,Roth,"611-7449 Et, Street",i,46,Aliquet Proin Velit Consulting,Mauris eu turpis. Nulla aliquet.,Ciplet,New Zealand
Ciaran,Wilkins,9802 Non St.,U,61,Auctor Institute,sem eget massa. Suspendisse eleifend.,Geer,Burkina Faso
Wade,Ingram,603-7620 Orci Rd.,M,74,Eu Accumsan Sed Limited,"gravida. Aliquam tincidunt, nunc ac",Linares,Bouvet Island
Justin,Carroll,Ap #356-5677 Donec St.,I,75,Lectus Limited,Vestibulum accumsan neque et nunc.,Mobile,Peru
Sybil,Fuller,393-2658 Tellus Rd.,M,37,Adipiscing Elit Curabitur Industries,ac ipsum. Phasellus vitae mauris,Sète,Morocco
Maya,Beach,Ap #403-8160 Nisl Rd.,I,24,Ligula LLP,"sed, sapien. Nunc pulvinar arcu",Ivangorod,Russian Federation
Lucy,Gould,Ap #616-6693 Ante Street,M,37,Quis Diam Luctus PC,in felis. Nulla tempor augue,Tamworth,Cayman Islands
Carolyn,Boone,915-3018 Consectetuer Ave,U,55,Rhoncus Foundation,"dictum eleifend, nunc risus varius",Lerum,"Congo, the Democratic Republic of the"
Inez,Sharp,"P.O. Box 175, 5070 Nec Rd.",M,58,Sed Consulting,"Nullam velit dui, semper et,",San Demetrio Corone,Tonga
Isabella,Michael,"Ap #549-3219 Magna, St.",M,60,Justo LLP,"ultrices, mauris ipsum porta elit,",Pelarco,South Africa
Catherine,Lott,Ap #120-8150 Auctor St.,a,21,Sapien Imperdiet Ornare Inc.,dui nec urna suscipit nonummy.,Ujjain,India
Chantale,Buckner,245-6475 Mauris St.,A,60,Pretium Aliquet Metus Inc.,"at pretium aliquet, metus urna",Mazzano Romano,Georgia
Barry,George,Ap #928-8015 Vivamus Rd.,e,13,Porttitor Foundation,Sed eu eros. Nam consequat,Terme,Australia
Bethany,Heath,989-7463 Dapibus St.,a,39,Lobortis Class Foundation,egestas ligula. Nullam feugiat placerat,Roux-Miroir,Burundi
Xander,Osborne,"P.O. Box 901, 1000 Iaculis Rd.",M,8,Nullam Foundation,diam eu dolor egestas rhoncus.,Hanret,Åland Islands
Paul,Evans,635-7226 Eu Road,E,18,Eu Consulting,Curae; Donec tincidunt. Donec vitae,Anglet,Mali
Imelda,Wolfe,"P.O. Box 816, 5707 Eleifend Rd.",M,68,Mi Corporation,Pellentesque ut ipsum ac mi,Richmond,Faroe Islands
Mark,Watson,"P.O. Box 315, 8676 Mi Rd.",M,38,Metus Urna Incorporated,"consectetuer adipiscing elit. Etiam laoreet,",Renaico,Monaco
Mira,Velasquez,Ap #644-5236 Rutrum Rd.,a,45,Lorem Ipsum Corp.,consectetuer mauris id sapien. Cras,Nieuwegein,Malawi
Honorato,Walsh,Ap #824-7257 Sem St.,a,7,Eu LLC,"sed, sapien. Nunc pulvinar arcu",Reutlingen,Taiwan
Clarke,Fitzgerald,"P.O. Box 935, 9198 Non Avenue",M,60,Eget PC,"Etiam ligula tortor, dictum eu,",Konin,Chad
Vaughan,White,"262-8064 Quis, Street",i,27,Orci Phasellus Dapibus Corporation,"a, facilisis non, bibendum sed,",Diano Arentino,Malawi
Lamar,Lane,"P.O. Box 301, 503 Duis St.",M,61,Posuere Enim Nisl Corporation,"mauris, aliquam eu, accumsan sed,",Douai,Kenya
Keefe,Mcfarland,9151 Magna. Ave,M,78,Aenean Eget Magna Incorporated,Nullam scelerisque neque sed sem,San Marcos,Lesotho
Keegan,Miller,1484 Donec St.,E,80,Penatibus Et Ltd,"ut lacus. Nulla tincidunt, neque",Caxias do Sul,Eritrea
Amir,Dalton,8637 Blandit St.,M,8,Lorem Auctor Quis Industries,"pede, nonummy ut, molestie in,",Heusden,Greenland
Nicholas,Mcdonald,"P.O. Box 617, 7896 Bibendum Rd.",M,59,Consectetuer Inc.,"nec, eleifend non, dapibus rutrum,",WanfercŽe-Baulet,Ghana
Kameko,Murray,783-4678 Blandit St.,a,37,Lacus PC,Sed eget lacus. Mauris non,Innisfail,Bangladesh
Shelly,Montgomery,Ap #507-4274 Nibh Rd.,M,61,Nulla Semper Tellus LLP,aliquet libero. Integer in magna.,Niort,Libya
Jael,Roberts,873-7214 Sed Av.,A,44,Eget Ipsum Suspendisse Incorporated,"pellentesque, tellus sem mollis dui,",Borisovka,"Congo, the Democratic Republic of the"
Damian,Best,Ap #221-2015 Suspendisse Rd.,o,6,Libero Foundation,"pede, ultrices a, auctor non,",Orléans,Costa Rica
Morgan,Spence,6745 Pretium St.,M,47,Sed Dictum Ltd,"convallis est, vitae sodales nisi",Lede,Aruba
Mara,Soto,751-9512 Natoque Avenue,O,71,Inceptos Hymenaeos LLC,Suspendisse sed dolor. Fusce mi,Whittlesey,Antarctica
Bethany,Ramos,Ap #710-2973 Convallis St.,e,84,Arcu Curabitur Inc.,sed turpis nec mauris blandit,Melton,Mauritania
Molly,Brady,"P.O. Box 292, 4146 Maecenas Road",I,71,Ut LLP,"imperdiet, erat nonummy ultricies ornare,",Lakeshore,Wallis and Futuna
Dieter,Koch,Ap #552-6731 Vitae Avenue,e,64,Aliquet Ltd,eget massa. Suspendisse eleifend. Cras,Turnhout,Ireland
Emerson,Palmer,125-2379 Pede. Av.,M,65,Ipsum LLC,"sem, vitae aliquam eros turpis",El Quisco,Nicaragua
Garth,Carr,806-2703 Nunc Rd.,M,80,Pellentesque Inc.,non arcu. Vivamus sit amet,Westport,New Zealand
Amal,Petty,9431 Ultricies Rd.,E,30,Lorem Limited,et libero. Proin mi. Aliquam,Cap-Saint-Ignace,Latvia
Darrel,Dudley,471-890 Nunc Avenue,M,14,Ut Consulting,Etiam vestibulum massa rutrum magna.,Butte,Serbia
Teagan,Campbell,4269 Risus Av.,M,50,Velit Dui Semper Company,"quam, elementum at, egestas a,",Poznań,Portugal
Igor,Boone,422-7280 Ligula. Road,o,50,Semper Cursus Institute,"eget varius ultrices, mauris ipsum",Naumburg,Saint Lucia
Baker,Castaneda,"P.O. Box 373, 490 Donec Road",u,16,Eget Ipsum Donec Consulting,eu metus. In lorem. Donec,Rockville,Uruguay
Jessamine,Harrison,975-9908 Mi. Avenue,M,39,Litora PC,eget ipsum. Suspendisse sagittis. Nullam,Suwałki,Fiji
Erasmus,Mooney,"2076 Consequat, Rd.",M,7,Risus Quisque Libero Inc.,"a purus. Duis elementum, dui",Valcourt,Venezuela
Shelley,Cunningham,"P.O. Box 316, 5470 Aliquam Street",M,75,Nunc Sed LLP,"dictum eleifend, nunc risus varius",Lokeren,Kazakhstan
Ryder,William,"396-2104 Congue, Rd.",A,75,Integer Eu Industries,in faucibus orci luctus et,Lac-Serent,Guyana
Adrian,Madden,"720-3765 Fringilla, Street",u,7,In Sodales Elit Industries,"Quisque libero lacus, varius et,",Anzegem,Grenada
Martin,Bishop,3277 Quam. Avenue,M,72,Eu Eros Ltd,Suspendisse ac metus vitae velit,Nantes,Benin
Candace,Maldonado,"P.O. Box 199, 6666 Vitae, St.",o,59,Etiam Ligula Corporation,"ut cursus luctus, ipsum leo",Rosolini,Kiribati
Logan,Mckenzie,7449 Imperdiet Ave,M,62,Quam Vel Sapien Inc.,ut eros non enim commodo,Mönchengladbach,Montserrat
Gareth,Phelps,"P.O. Box 248, 6090 Ut Avenue",M,56,Sapien Foundation,ligula. Aenean gravida nunc sed,Klosterneuburg,French Guiana
Imani,Harrington,"P.O. Box 954, 2036 Enim. St.",M,84,Laoreet Company,senectus et netus et malesuada,Merdorp,Canada
Avram,Baird,Ap #136-2187 Dolor Ave,M,11,Commodo At Libero Associates,"et, euismod et, commodo at,",Long Eaton,Chad
Blake,Trujillo,"P.O. Box 981, 898 Nunc Rd.",A,69,Eget Lacus Company,"magnis dis parturient montes, nascetur",Wilskerke,Falkland Islands
Carly,Woodward,Ap #430-8712 Ante Road,M,83,Nec Associates,urna. Nunc quis arcu vel,Hamilton,Austria
Rosalyn,Perez,Ap #254-2774 Dolor Rd.,i,18,Amet Consectetuer Industries,"eget varius ultrices, mauris ipsum",Sint-Pieters-Woluwe,Ukraine
Ignacia,Nolan,"P.O. Box 121, 9679 Donec Road",M,35,Feugiat Non Incorporated,"lorem ipsum sodales purus, in",Merthyr Tydfil,Turks and Caicos Islands
Kylan,Lucas,"P.O. Box 882, 2878 Morbi Road",a,30,Duis Volutpat Incorporated,"Nullam enim. Sed nulla ante,",Arrone,Viet Nam
Odysseus,Barnes,Ap #650-5464 Rhoncus St.,M,59,Leo Cras Inc.,lobortis ultrices. Vivamus rhoncus. Donec,Rugby,Guatemala
Abra,Steele,"P.O. Box 920, 220 Enim. Av.",u,53,Urna Industries,Nullam lobortis quam a felis,Delta,Portugal
Marny,Kaufman,827 Tellus St.,U,45,Ornare LLC,sed leo. Cras vehicula aliquet,Cariboo Regional District,Greenland
Jameson,Mendoza,566-2752 Odio. Rd.,e,18,A Felis Ullamcorper LLC,"posuere at, velit. Cras lorem",Fort Providence,Mauritania
Melvin,Shaffer,5770 Natoque Av.,M,1,Sed Hendrerit Limited,"dis parturient montes, nascetur ridiculus",Pontedera,Lebanon
Natalie,Bean,"Ap #721-7441 Elit, Ave",M,78,Morbi Tristique Ltd,"auctor, nunc nulla vulputate dui,",De Klinge,Aruba
Stephen,Avery,"P.O. Box 150, 8741 Donec Street",i,65,Eu Placerat Eget Associates,"accumsan convallis, ante lectus convallis",Łomża,Guyana
Wing,Meyers,Ap #114-1320 Ante. Rd.,M,50,Libero Institute,consectetuer ipsum nunc id enim.,Gwalior,Tokelau
Wendy,Buck,"P.O. Box 368, 7971 Nunc Rd.",M,21,Tincidunt Adipiscing Mauris Institute,massa. Vestibulum accumsan neque et,Labrecque,Norway